{"game_id": [2651, 178900, 84876, 3076, 167791], "score": [0.12721641063690187, 0.11953850984573364, 0.11333107948303223, 0.10749883651733398, 0.10256518125534057]}